"quartos","qtd","dm_mediana","dm_media","dm_p25","dm_p75","g_mediana","lt_dist"
"0","8","490","431,1","330,8","550","5","apartamento=8"
"1","129","400","424,67","330","516","3","apartamento=99; casa=17; outros=12; hotel=1"
"2","302","464","498,84","350","600","6","apartamento=287; casa=15"
"3","337","693","709,64","500","850","8","apartamento=327; casa=10"
"4","64","1000","1175,13","849,5","1574","10","apartamento=54; casa=10"
"5","5","1500","1599,4","1450","1897","15","apartamento=4; casa=1"
"6","1","1651,25","1651,25","1651,25","1651,25","16","casa=1"
"7","2","1350","1325","1300","1350","16","casa=2"
"12","1","2500","2500","2500","2500","16","casa=1"
