"owner_id","qtd_linhas","linhas_identical","snapshot_dates"
"433162432","4","False","2025-01-13 01:56:44.000; 2025-01-13 02:02:19.000; 2025-01-13 02:25:41.000; 2025-01-13 02:30:07.000"
"108479878","58","False","2025-01-13 01:55:18.000; 2025-01-13 01:55:45.000; 2025-01-13 01:55:53.000; 2025-01-13 01:56:30.000; 2025-01-13 01:56:54.000; 2025-01-13 01:56:55.000; 2025-01-13 01:57:25.000; 2025-01-13 01:59:24.000; 2025-01-13 02:02:09.000; 2025-01-13 02:02:36.000; 2025-01-13 02:03:25.000; 2025-01-13 02:04:22.000; 2025-01-13 02:04:48.000; 2025-01-13 02:05:43.000; 2025-01-13 02:06:29.000; 2025-01-13 02:10:11.000; 2025-01-13 02:10:24.000; 2025-01-13 02:11:32.000; 2025-01-13 02:12:46.000; 2025-01-13 02:13:04.000; 2025-01-13 02:13:57.000; 2025-01-13 02:14:16.000; 2025-01-13 02:14:18.000; 2025-01-13 02:14:37.000; 2025-01-13 02:14:59.000; 2025-01-13 02:16:44.000; 2025-01-13 02:16:51.000; 2025-01-13 02:17:00.000; 2025-01-13 02:18:39.000; 2025-01-13 02:18:53.000; 2025-01-13 02:19:07.000; 2025-01-13 02:19:34.000; 2025-01-13 02:23:13.000; 2025-01-13 02:25:48.000; 2025-01-13 02:27:02.000; 2025-01-13 02:27:56.000; 2025-01-13 02:29:07.000; 2025-01-13 02:29:38.000; 2025-01-13 02:30:45.000; 2025-01-13 02:31:24.000; 2025-01-13 02:36:13.000; 2025-01-13 02:36:28.000; 2025-01-13 02:36:47.000; 2025-01-13 02:37:15.000; 2025-01-13 02:38:30.000; 2025-01-13 02:38:34.000; 2025-01-13 02:38:51.000; 2025-01-13 02:41:45.000; 2025-01-13 02:41:55.000; 2025-01-13 02:42:28.000; 2025-01-13 02:42:41.000; 2025-01-13 02:42:58.000; 2025-01-13 02:42:59.000; 2025-01-13 02:43:47.000; 2025-01-13 02:44:54.000; 2025-01-13 02:45:16.000; 2025-01-13 02:45:57.000; 2025-01-13 02:58:26.000"
"298545921","21","False","2025-01-13 02:04:14.000; 2025-01-13 02:04:29.000; 2025-01-13 02:09:36.000; 2025-01-13 02:12:27.000; 2025-01-13 02:18:13.000; 2025-01-13 02:19:01.000; 2025-01-13 02:19:52.000; 2025-01-13 02:21:28.000; 2025-01-13 02:22:10.000; 2025-01-13 02:23:25.000; 2025-01-13 02:28:19.000; 2025-01-13 02:31:14.000; 2025-01-13 02:31:54.000; 2025-01-13 02:33:47.000; 2025-01-13 02:34:35.000; 2025-01-13 02:35:01.000; 2025-01-13 02:35:21.000; 2025-01-13 02:35:57.000; 2025-01-13 02:47:01.000; 2025-01-13 02:47:22.000; 2025-01-13 02:58:33.000"
"40876651","23","False","2025-01-13 01:54:53.000; 2025-01-13 01:56:11.000; 2025-01-13 01:57:59.000; 2025-01-13 02:05:25.000; 2025-01-13 02:05:41.000; 2025-01-13 02:10:14.000; 2025-01-13 02:17:49.000; 2025-01-13 02:18:16.000; 2025-01-13 02:18:23.000; 2025-01-13 02:27:10.000; 2025-01-13 02:27:24.000; 2025-01-13 02:29:56.000; 2025-01-13 02:30:34.000; 2025-01-13 02:32:23.000; 2025-01-13 02:33:51.000; 2025-01-13 02:34:43.000; 2025-01-13 02:37:42.000; 2025-01-13 02:37:54.000; 2025-01-13 02:39:38.000; 2025-01-13 02:43:32.000; 2025-01-13 02:43:46.000; 2025-01-13 02:46:21.000; 2025-01-13 02:58:33.000"
"227777128","112","False","2025-01-13 01:56:16.000; 2025-01-13 01:57:31.000; 2025-01-13 01:57:41.000; 2025-01-13 01:57:53.000; 2025-01-13 01:58:07.000; 2025-01-13 01:58:08.000; 2025-01-13 01:58:11.000; 2025-01-13 01:59:00.000; 2025-01-13 01:59:04.000; 2025-01-13 01:59:25.000; 2025-01-13 01:59:54.000; 2025-01-13 02:01:39.000; 2025-01-13 02:02:48.000; 2025-01-13 02:03:15.000; 2025-01-13 02:03:26.000; 2025-01-13 02:03:34.000; 2025-01-13 02:03:35.000; 2025-01-13 02:03:47.000; 2025-01-13 02:03:49.000; 2025-01-13 02:04:11.000; 2025-01-13 02:05:15.000; 2025-01-13 02:06:04.000; 2025-01-13 02:06:36.000; 2025-01-13 02:07:01.000; 2025-01-13 02:07:11.000; 2025-01-13 02:07:32.000; 2025-01-13 02:07:33.000; 2025-01-13 02:07:51.000; 2025-01-13 02:08:38.000; 2025-01-13 02:08:48.000; 2025-01-13 02:08:50.000; 2025-01-13 02:10:04.000; 2025-01-13 02:11:54.000; 2025-01-13 02:12:37.000; 2025-01-13 02:13:01.000; 2025-01-13 02:14:18.000; 2025-01-13 02:14:20.000; 2025-01-13 02:14:39.000; 2025-01-13 02:15:11.000; 2025-01-13 02:16:22.000; 2025-01-13 02:16:40.000; 2025-01-13 02:17:47.000; 2025-01-13 02:17:49.000; 2025-01-13 02:18:22.000; 2025-01-13 02:18:24.000; 2025-01-13 02:18:25.000; 2025-01-13 02:19:05.000; 2025-01-13 02:19:20.000; 2025-01-13 02:21:41.000; 2025-01-13 02:22:18.000; 2025-01-13 02:22:24.000; 2025-01-13 02:22:56.000; 2025-01-13 02:22:59.000; 2025-01-13 02:24:28.000; 2025-01-13 02:24:31.000; 2025-01-13 02:24:51.000; 2025-01-13 02:24:59.000; 2025-01-13 02:25:39.000; 2025-01-13 02:26:45.000; 2025-01-13 02:28:31.000; 2025-01-13 02:29:42.000; 2025-01-13 02:30:10.000; 2025-01-13 02:30:42.000; 2025-01-13 02:30:56.000; 2025-01-13 02:31:07.000; 2025-01-13 02:31:12.000; 2025-01-13 02:31:53.000; 2025-01-13 02:32:40.000; 2025-01-13 02:32:58.000; 2025-01-13 02:33:44.000; 2025-01-13 02:34:00.000; 2025-01-13 02:34:27.000; 2025-01-13 02:34:34.000; 2025-01-13 02:34:56.000; 2025-01-13 02:35:12.000; 2025-01-13 02:35:52.000; 2025-01-13 02:36:11.000; 2025-01-13 02:36:59.000; 2025-01-13 02:37:28.000; 2025-01-13 02:37:53.000; 2025-01-13 02:38:13.000; 2025-01-13 02:38:38.000; 2025-01-13 02:38:55.000; 2025-01-13 02:38:56.000; 2025-01-13 02:40:10.000; 2025-01-13 02:40:28.000; 2025-01-13 02:40:44.000; 2025-01-13 02:41:29.000; 2025-01-13 02:41:39.000; 2025-01-13 02:41:42.000; 2025-01-13 02:42:01.000; 2025-01-13 02:42:18.000; 2025-01-13 02:42:29.000; 2025-01-13 02:42:42.000; 2025-01-13 02:43:02.000; 2025-01-13 02:43:17.000; 2025-01-13 02:43:18.000; 2025-01-13 02:44:30.000; 2025-01-13 02:44:58.000; 2025-01-13 02:45:29.000; 2025-01-13 02:46:07.000; 2025-01-13 02:46:10.000; 2025-01-13 02:47:08.000; 2025-01-13 02:48:25.000; 2025-01-13 02:48:44.000; 2025-01-13 02:48:52.000; 2025-01-13 02:49:09.000; 2025-01-13 02:49:49.000; 2025-01-13 02:50:00.000; 2025-01-13 02:52:04.000; 2025-01-13 02:58:27.000; 2025-01-13 02:58:40.000"
"389650375","3","False","2025-01-13 01:55:35.000; 2025-01-13 02:29:15.000; 2025-01-13 02:58:45.000"
"82821456","14","False","2025-01-13 01:59:14.000; 2025-01-13 02:01:38.000; 2025-01-13 02:03:09.000; 2025-01-13 02:08:40.000; 2025-01-13 02:10:27.000; 2025-01-13 02:14:45.000; 2025-01-13 02:27:45.000; 2025-01-13 02:29:46.000; 2025-01-13 02:31:26.000; 2025-01-13 02:34:59.000; 2025-01-13 02:39:07.000; 2025-01-13 02:58:22.000; 2025-01-13 02:58:27.000; 2025-01-13 02:59:02.000"
"115900186","34","False","2025-01-13 01:54:31.000; 2025-01-13 01:55:24.000; 2025-01-13 01:55:35.000; 2025-01-13 01:55:40.000; 2025-01-13 01:56:50.000; 2025-01-13 02:01:10.000; 2025-01-13 02:07:45.000; 2025-01-13 02:09:56.000; 2025-01-13 02:10:11.000; 2025-01-13 02:11:33.000; 2025-01-13 02:14:47.000; 2025-01-13 02:16:08.000; 2025-01-13 02:16:15.000; 2025-01-13 02:17:12.000; 2025-01-13 02:18:25.000; 2025-01-13 02:18:57.000; 2025-01-13 02:19:25.000; 2025-01-13 02:19:43.000; 2025-01-13 02:21:21.000; 2025-01-13 02:28:11.000; 2025-01-13 02:28:31.000; 2025-01-13 02:29:24.000; 2025-01-13 02:30:27.000; 2025-01-13 02:31:12.000; 2025-01-13 02:31:51.000; 2025-01-13 02:32:41.000; 2025-01-13 02:34:00.000; 2025-01-13 02:41:26.000; 2025-01-13 02:41:28.000; 2025-01-13 02:49:40.000; 2025-01-13 02:50:05.000; 2025-01-13 02:57:07.000; 2025-01-13 02:58:44.000; 2025-01-13 02:59:03.000"
"489737906","23","False","2025-01-13 01:54:09.000; 2025-01-13 01:58:35.000; 2025-01-13 01:59:45.000; 2025-01-13 02:00:13.000; 2025-01-13 02:05:58.000; 2025-01-13 02:06:21.000; 2025-01-13 02:12:16.000; 2025-01-13 02:14:24.000; 2025-01-13 02:21:23.000; 2025-01-13 02:24:27.000; 2025-01-13 02:27:58.000; 2025-01-13 02:29:39.000; 2025-01-13 02:34:12.000; 2025-01-13 02:35:15.000; 2025-01-13 02:35:39.000; 2025-01-13 02:36:24.000; 2025-01-13 02:40:41.000; 2025-01-13 02:42:51.000; 2025-01-13 02:44:27.000; 2025-01-13 02:46:22.000; 2025-01-13 02:49:01.000; 2025-01-13 02:49:40.000; 2025-01-13 02:59:04.000"
"337026052","2","False","2025-01-13 02:21:21.000; 2025-01-13 02:25:16.000"
"100747811","3","False","2025-01-13 02:17:07.000; 2025-01-13 02:21:21.000; 2025-01-13 02:45:44.000"
"96045548","6","False","2025-01-13 01:59:28.000; 2025-01-13 02:12:01.000; 2025-01-13 02:22:21.000; 2025-01-13 02:48:11.000; 2025-01-13 02:50:32.000; 2025-01-13 02:50:52.000"
"228737392","2","False","2025-01-13 02:22:23.000; 2025-01-13 02:45:44.000"
"252039796","2","False","2025-01-13 01:57:06.000; 2025-01-13 02:22:26.000"
"302395914","2","False","2025-01-13 02:09:08.000; 2025-01-13 02:22:26.000"
"218514766","2","False","2025-01-13 01:56:30.000; 2025-01-13 02:22:27.000"
"533685568","2","False","2025-01-13 02:22:33.000; 2025-01-13 02:39:52.000"
"274071036","2","False","2025-01-13 01:59:07.000; 2025-01-13 02:22:37.000"
"550084557","3","False","2025-01-13 02:22:37.000; 2025-01-13 02:28:42.000; 2025-01-13 02:50:57.000"
"281127168","4","False","2025-01-13 02:22:41.000; 2025-01-13 02:31:43.000; 2025-01-13 02:33:51.000; 2025-01-13 02:43:06.000"
"566105040","2","False","2025-01-13 02:02:15.000; 2025-01-13 02:25:13.000"
"569312114","3","False","2025-01-13 01:54:16.000; 2025-01-13 02:25:15.000; 2025-01-13 02:25:24.000"
"506593553","3","False","2025-01-13 02:25:18.000; 2025-01-13 02:25:59.000; 2025-01-13 02:38:09.000"
"267606175","12","False","2025-01-13 01:57:35.000; 2025-01-13 01:59:18.000; 2025-01-13 01:59:53.000; 2025-01-13 02:01:09.000; 2025-01-13 02:04:21.000; 2025-01-13 02:05:25.000; 2025-01-13 02:09:12.000; 2025-01-13 02:13:08.000; 2025-01-13 02:22:59.000; 2025-01-13 02:25:19.000; 2025-01-13 02:28:40.000; 2025-01-13 02:38:49.000"
"385831829","9","False","2025-01-13 01:58:30.000; 2025-01-13 02:05:55.000; 2025-01-13 02:07:35.000; 2025-01-13 02:14:30.000; 2025-01-13 02:21:15.000; 2025-01-13 02:25:20.000; 2025-01-13 02:40:11.000; 2025-01-13 02:43:44.000; 2025-01-13 02:49:41.000"
"162106468","2","False","2025-01-13 02:16:16.000; 2025-01-13 02:25:27.000"
"312939718","2","False","2025-01-13 02:15:14.000; 2025-01-13 02:25:29.000"
"232585108","3","False","2025-01-13 02:25:30.000; 2025-01-13 02:28:49.000; 2025-01-13 02:34:17.000"
"593474672","20","False","2025-01-13 01:57:09.000; 2025-01-13 01:59:24.000; 2025-01-13 01:59:30.000; 2025-01-13 02:02:44.000; 2025-01-13 02:03:33.000; 2025-01-13 02:07:24.000; 2025-01-13 02:07:37.000; 2025-01-13 02:08:23.000; 2025-01-13 02:18:50.000; 2025-01-13 02:19:41.000; 2025-01-13 02:25:30.000; 2025-01-13 02:26:48.000; 2025-01-13 02:30:55.000; 2025-01-13 02:33:03.000; 2025-01-13 02:36:23.000; 2025-01-13 02:38:53.000; 2025-01-13 02:39:16.000; 2025-01-13 02:44:31.000; 2025-01-13 02:50:23.000; 2025-01-13 02:58:19.000"
"115154732","2","False","2025-01-13 02:08:18.000; 2025-01-13 02:25:37.000"
"319665944","2","False","2025-01-13 01:56:58.000; 2025-01-13 02:25:38.000"
"110419832","8","False","2025-01-13 02:29:24.000; 2025-01-13 02:51:27.000; 2025-01-13 02:52:00.000; 2025-01-13 02:52:10.000; 2025-01-13 02:52:19.000; 2025-01-13 02:52:25.000; 2025-01-13 02:53:22.000; 2025-01-13 02:55:06.000"
"204983908","3","False","2025-01-13 02:52:37.000; 2025-01-13 02:53:29.000; 2025-01-13 02:56:36.000"
"122056455","2","False","2025-01-13 02:53:33.000; 2025-01-13 02:58:03.000"
"296517732","2","False","2025-01-13 02:30:14.000; 2025-01-13 02:53:46.000"
"65400201","2","False","2025-01-13 02:53:47.000; 2025-01-13 02:55:15.000"
"170624369","3","False","2025-01-13 02:52:09.000; 2025-01-13 02:53:59.000; 2025-01-13 02:54:03.000"
"221339864","4","False","2025-01-13 02:08:58.000; 2025-01-13 02:32:48.000; 2025-01-13 02:51:00.000; 2025-01-13 02:54:10.000"
"665407493","3","False","2025-01-13 02:12:19.000; 2025-01-13 02:21:02.000; 2025-01-13 02:54:11.000"
"588250573","4","False","2025-01-13 02:52:24.000; 2025-01-13 02:54:48.000; 2025-01-13 02:56:35.000; 2025-01-13 02:57:03.000"
"302814591","2","False","2025-01-13 02:06:42.000; 2025-01-13 02:55:02.000"
"473676692","2","False","2025-01-13 02:55:27.000; 2025-01-13 02:56:58.000"
"318023861","4","False","2025-01-13 02:52:56.000; 2025-01-13 02:54:22.000; 2025-01-13 02:55:43.000; 2025-01-13 02:56:12.000"
"108336055","4","False","2025-01-13 02:52:37.000; 2025-01-13 02:55:07.000; 2025-01-13 02:55:48.000; 2025-01-13 02:57:41.000"
"102517845","5","False","2025-01-13 01:55:16.000; 2025-01-13 02:15:50.000; 2025-01-13 02:42:49.000; 2025-01-13 02:47:17.000; 2025-01-13 02:56:40.000"
"146684625","2","False","2025-01-13 02:56:56.000; 2025-01-13 02:57:18.000"
"315838328","2","False","2025-01-13 02:56:58.000; 2025-01-13 02:57:02.000"
"58099520","2","False","2025-01-13 01:54:38.000; 2025-01-13 02:57:40.000"
"595919522","4","False","2025-01-13 02:30:29.000; 2025-01-13 02:37:26.000; 2025-01-13 02:56:27.000; 2025-01-13 02:57:44.000"
"157642052","2","False","2025-01-13 02:39:40.000; 2025-01-13 02:47:18.000"
"101494197","3","False","2025-01-13 02:08:01.000; 2025-01-13 02:46:23.000; 2025-01-13 02:47:22.000"
"519527555","2","False","2025-01-13 02:37:32.000; 2025-01-13 02:47:23.000"
"551991664","4","False","2025-01-13 01:59:36.000; 2025-01-13 02:20:08.000; 2025-01-13 02:35:45.000; 2025-01-13 02:48:03.000"
"424719219","2","False","2025-01-13 02:48:05.000; 2025-01-13 02:55:28.000"
"227366158","2","False","2025-01-13 02:48:06.000; 2025-01-13 02:58:15.000"
"551968522","2","False","2025-01-13 01:56:26.000; 2025-01-13 02:48:07.000"
"20614599","24","False","2025-01-13 01:54:45.000; 2025-01-13 01:56:44.000; 2025-01-13 01:57:51.000; 2025-01-13 02:02:00.000; 2025-01-13 02:04:22.000; 2025-01-13 02:07:47.000; 2025-01-13 02:08:45.000; 2025-01-13 02:11:13.000; 2025-01-13 02:15:17.000; 2025-01-13 02:15:35.000; 2025-01-13 02:15:53.000; 2025-01-13 02:17:48.000; 2025-01-13 02:21:26.000; 2025-01-13 02:27:40.000; 2025-01-13 02:27:52.000; 2025-01-13 02:28:55.000; 2025-01-13 02:33:13.000; 2025-01-13 02:34:35.000; 2025-01-13 02:36:13.000; 2025-01-13 02:36:24.000; 2025-01-13 02:43:40.000; 2025-01-13 02:44:12.000; 2025-01-13 02:48:08.000; 2025-01-13 02:52:46.000"
"383909653","2","False","2025-01-13 02:45:26.000; 2025-01-13 02:48:10.000"
"513008299","4","False","2025-01-13 02:37:22.000; 2025-01-13 02:41:37.000; 2025-01-13 02:43:43.000; 2025-01-13 02:48:10.000"
"63773778","5","False","2025-01-13 02:03:12.000; 2025-01-13 02:05:51.000; 2025-01-13 02:48:16.000; 2025-01-13 02:49:01.000; 2025-01-13 02:50:16.000"
"25087975","17","False","2025-01-13 01:54:32.000; 2025-01-13 02:00:56.000; 2025-01-13 02:02:05.000; 2025-01-13 02:04:54.000; 2025-01-13 02:05:02.000; 2025-01-13 02:11:29.000; 2025-01-13 02:19:56.000; 2025-01-13 02:24:51.000; 2025-01-13 02:26:10.000; 2025-01-13 02:26:42.000; 2025-01-13 02:33:34.000; 2025-01-13 02:36:30.000; 2025-01-13 02:36:40.000; 2025-01-13 02:39:29.000; 2025-01-13 02:48:16.000; 2025-01-13 02:48:43.000; 2025-01-13 02:57:17.000"
"159561676","3","False","2025-01-13 02:31:34.000; 2025-01-13 02:43:55.000; 2025-01-13 02:58:30.000"
"382654895","3","False","2025-01-13 02:16:07.000; 2025-01-13 02:31:34.000; 2025-01-13 02:41:59.000"
"11695736","3","False","2025-01-13 02:16:43.000; 2025-01-13 02:31:35.000; 2025-01-13 02:48:29.000"
"114742068","2","False","2025-01-13 02:31:36.000; 2025-01-13 02:48:17.000"
"306026832","2","False","2025-01-13 02:31:36.000; 2025-01-13 02:35:50.000"
"142707286","2","False","2025-01-13 02:09:37.000; 2025-01-13 02:31:36.000"
"152893116","5","False","2025-01-13 02:00:45.000; 2025-01-13 02:21:57.000; 2025-01-13 02:31:38.000; 2025-01-13 02:41:34.000; 2025-01-13 02:48:39.000"
"10844679","2","False","2025-01-13 02:08:44.000; 2025-01-13 02:31:39.000"
"232597970","2","False","2025-01-13 02:31:40.000; 2025-01-13 02:32:03.000"
"166020592","2","False","2025-01-13 02:28:25.000; 2025-01-13 02:31:43.000"
"157399374","29","False","2025-01-13 02:00:03.000; 2025-01-13 02:00:18.000; 2025-01-13 02:01:03.000; 2025-01-13 02:01:25.000; 2025-01-13 02:01:28.000; 2025-01-13 02:05:14.000; 2025-01-13 02:05:43.000; 2025-01-13 02:09:25.000; 2025-01-13 02:09:40.000; 2025-01-13 02:10:20.000; 2025-01-13 02:19:38.000; 2025-01-13 02:20:58.000; 2025-01-13 02:25:41.000; 2025-01-13 02:26:27.000; 2025-01-13 02:30:56.000; 2025-01-13 02:31:44.000; 2025-01-13 02:32:28.000; 2025-01-13 02:32:40.000; 2025-01-13 02:34:52.000; 2025-01-13 02:37:25.000; 2025-01-13 02:37:40.000; 2025-01-13 02:44:06.000; 2025-01-13 02:45:17.000; 2025-01-13 02:46:23.000; 2025-01-13 02:46:57.000; 2025-01-13 02:47:41.000; 2025-01-13 02:48:47.000; 2025-01-13 02:58:20.000; 2025-01-13 02:58:50.000"
"165888822","2","False","2025-01-13 02:10:45.000; 2025-01-13 02:31:44.000"
"486812874","11","False","2025-01-13 01:56:41.000; 2025-01-13 02:00:37.000; 2025-01-13 02:04:28.000; 2025-01-13 02:08:20.000; 2025-01-13 02:12:12.000; 2025-01-13 02:31:44.000; 2025-01-13 02:32:28.000; 2025-01-13 02:36:52.000; 2025-01-13 02:37:36.000; 2025-01-13 02:40:17.000; 2025-01-13 02:46:08.000"
"220836478","4","False","2025-01-13 02:30:07.000; 2025-01-13 02:31:47.000; 2025-01-13 02:56:07.000; 2025-01-13 02:56:18.000"
"265350197","16","False","2025-01-13 01:56:19.000; 2025-01-13 02:00:21.000; 2025-01-13 02:00:35.000; 2025-01-13 02:01:27.000; 2025-01-13 02:04:06.000; 2025-01-13 02:09:02.000; 2025-01-13 02:10:40.000; 2025-01-13 02:28:05.000; 2025-01-13 02:31:27.000; 2025-01-13 02:34:03.000; 2025-01-13 02:41:11.000; 2025-01-13 02:41:17.000; 2025-01-13 02:41:36.000; 2025-01-13 02:42:27.000; 2025-01-13 02:42:47.000; 2025-01-13 02:48:31.000"
"169848306","14","False","2025-01-13 02:03:08.000; 2025-01-13 02:03:38.000; 2025-01-13 02:03:50.000; 2025-01-13 02:04:20.000; 2025-01-13 02:07:45.000; 2025-01-13 02:10:47.000; 2025-01-13 02:17:35.000; 2025-01-13 02:28:00.000; 2025-01-13 02:32:21.000; 2025-01-13 02:33:14.000; 2025-01-13 02:36:35.000; 2025-01-13 02:45:06.000; 2025-01-13 02:49:39.000; 2025-01-13 02:50:13.000"
"229296509","2","False","2025-01-13 02:10:51.000; 2025-01-13 02:12:27.000"
"169512508","9","False","2025-01-13 02:08:39.000; 2025-01-13 02:10:53.000; 2025-01-13 02:12:30.000; 2025-01-13 02:27:50.000; 2025-01-13 02:29:19.000; 2025-01-13 02:36:52.000; 2025-01-13 02:40:48.000; 2025-01-13 02:49:28.000; 2025-01-13 02:49:54.000"
"105230015","3","False","2025-01-13 02:00:11.000; 2025-01-13 02:08:21.000; 2025-01-13 02:10:55.000"
"661146047","4","False","2025-01-13 01:59:57.000; 2025-01-13 02:10:55.000; 2025-01-13 02:38:49.000; 2025-01-13 02:46:08.000"
"240840442","2","False","2025-01-13 02:00:34.000; 2025-01-13 02:10:57.000"
"162405981","6","False","2025-01-13 02:11:36.000; 2025-01-13 02:20:04.000; 2025-01-13 02:32:19.000; 2025-01-13 02:33:52.000; 2025-01-13 02:42:02.000; 2025-01-13 02:45:02.000"
"201616042","4","False","2025-01-13 02:11:37.000; 2025-01-13 02:12:35.000; 2025-01-13 02:14:45.000; 2025-01-13 02:36:06.000"
"665573189","2","False","2025-01-13 02:11:40.000; 2025-01-13 02:36:11.000"
"330683989","5","False","2025-01-13 02:01:49.000; 2025-01-13 02:02:32.000; 2025-01-13 02:11:41.000; 2025-01-13 02:28:54.000; 2025-01-13 02:40:38.000"
"371957461","3","False","2025-01-13 02:06:15.000; 2025-01-13 02:11:42.000; 2025-01-13 02:31:05.000"
"493784281","6","False","2025-01-13 01:59:12.000; 2025-01-13 02:11:42.000; 2025-01-13 02:26:21.000; 2025-01-13 02:29:55.000; 2025-01-13 02:31:20.000; 2025-01-13 02:36:41.000"
"57580549","3","False","2025-01-13 02:11:43.000; 2025-01-13 02:22:03.000; 2025-01-13 02:24:02.000"
"663373020","3","False","2025-01-13 02:07:38.000; 2025-01-13 02:08:47.000; 2025-01-13 02:11:43.000"
"84924129","2","False","2025-01-13 02:11:44.000; 2025-01-13 02:20:48.000"
"475370954","4","False","2025-01-13 01:55:33.000; 2025-01-13 02:11:48.000; 2025-01-13 02:17:05.000; 2025-01-13 02:46:22.000"
"225008032","2","False","2025-01-13 02:11:50.000; 2025-01-13 02:49:23.000"
"542484669","10","False","2025-01-13 01:56:49.000; 2025-01-13 02:00:30.000; 2025-01-13 02:02:22.000; 2025-01-13 02:09:13.000; 2025-01-13 02:11:54.000; 2025-01-13 02:24:21.000; 2025-01-13 02:26:04.000; 2025-01-13 02:34:54.000; 2025-01-13 02:39:09.000; 2025-01-13 02:46:24.000"
"231291077","2","False","2025-01-13 02:04:59.000; 2025-01-13 02:11:54.000"
"310441201","8","False","2025-01-13 02:00:18.000; 2025-01-13 02:11:55.000; 2025-01-13 02:12:29.000; 2025-01-13 02:20:01.000; 2025-01-13 02:35:51.000; 2025-01-13 02:39:57.000; 2025-01-13 02:43:20.000; 2025-01-13 02:45:09.000"
"437298914","2","False","2025-01-13 02:11:57.000; 2025-01-13 02:24:39.000"
"654667093","2","False","2025-01-13 02:11:59.000; 2025-01-13 02:17:20.000"
"585855067","2","False","2025-01-13 02:12:02.000; 2025-01-13 02:23:29.000"
"233813969","2","False","2025-01-13 01:56:29.000; 2025-01-13 02:48:21.000"
"530648724","2","False","2025-01-13 02:22:46.000; 2025-01-13 02:48:25.000"
"456516350","2","False","2025-01-13 02:48:32.000; 2025-01-13 02:58:40.000"
"269489781","3","False","2025-01-13 02:41:41.000; 2025-01-13 02:42:20.000; 2025-01-13 02:48:34.000"
"169664266","2","False","2025-01-13 02:31:59.000; 2025-01-13 02:48:38.000"
"422065139","2","False","2025-01-13 02:05:50.000; 2025-01-13 02:48:40.000"
"534536593","4","False","2025-01-13 01:55:02.000; 2025-01-13 02:41:39.000; 2025-01-13 02:48:49.000; 2025-01-13 02:55:28.000"
"430294957","3","False","2025-01-13 02:39:09.000; 2025-01-13 02:48:49.000; 2025-01-13 02:49:32.000"
"367363772","3","False","2025-01-13 02:41:11.000; 2025-01-13 02:46:46.000; 2025-01-13 02:48:52.000"
"243494106","5","False","2025-01-13 02:05:23.000; 2025-01-13 02:26:31.000; 2025-01-13 02:28:11.000; 2025-01-13 02:48:54.000; 2025-01-13 02:49:21.000"
"226154699","2","False","2025-01-13 02:02:03.000; 2025-01-13 02:51:15.000"
"378227749","4","False","2025-01-13 01:59:08.000; 2025-01-13 02:51:47.000; 2025-01-13 02:58:06.000; 2025-01-13 02:58:48.000"
"112570505","2","False","2025-01-13 02:52:09.000; 2025-01-13 02:56:37.000"
"304829392","3","False","2025-01-13 02:28:01.000; 2025-01-13 02:44:36.000; 2025-01-13 02:52:10.000"
"56904992","3","False","2025-01-13 02:12:25.000; 2025-01-13 02:15:45.000; 2025-01-13 02:19:15.000"
"272771814","22","False","2025-01-13 01:54:50.000; 2025-01-13 01:57:26.000; 2025-01-13 02:01:10.000; 2025-01-13 02:03:38.000; 2025-01-13 02:04:12.000; 2025-01-13 02:05:58.000; 2025-01-13 02:06:24.000; 2025-01-13 02:06:28.000; 2025-01-13 02:08:16.000; 2025-01-13 02:12:35.000; 2025-01-13 02:17:31.000; 2025-01-13 02:21:10.000; 2025-01-13 02:22:14.000; 2025-01-13 02:25:01.000; 2025-01-13 02:32:14.000; 2025-01-13 02:36:21.000; 2025-01-13 02:38:01.000; 2025-01-13 02:39:28.000; 2025-01-13 02:43:07.000; 2025-01-13 02:45:00.000; 2025-01-13 02:49:42.000; 2025-01-13 02:58:22.000"
"268665681","2","False","2025-01-13 02:12:35.000; 2025-01-13 02:18:51.000"
"25984866","25","False","2025-01-13 01:55:40.000; 2025-01-13 01:58:02.000; 2025-01-13 01:59:05.000; 2025-01-13 02:05:12.000; 2025-01-13 02:07:06.000; 2025-01-13 02:07:23.000; 2025-01-13 02:12:38.000; 2025-01-13 02:15:45.000; 2025-01-13 02:16:25.000; 2025-01-13 02:20:09.000; 2025-01-13 02:23:31.000; 2025-01-13 02:28:54.000; 2025-01-13 02:32:11.000; 2025-01-13 02:39:45.000; 2025-01-13 02:39:51.000; 2025-01-13 02:40:06.000; 2025-01-13 02:40:08.000; 2025-01-13 02:42:58.000; 2025-01-13 02:43:04.000; 2025-01-13 02:44:27.000; 2025-01-13 02:50:23.000; 2025-01-13 02:51:20.000; 2025-01-13 02:54:12.000; 2025-01-13 02:55:06.000; 2025-01-13 02:55:45.000"
"177393041","4","False","2025-01-13 01:54:49.000; 2025-01-13 02:12:39.000; 2025-01-13 02:31:28.000; 2025-01-13 02:47:09.000"
"547841177","5","False","2025-01-13 01:57:07.000; 2025-01-13 01:58:10.000; 2025-01-13 02:12:46.000; 2025-01-13 02:37:02.000; 2025-01-13 02:50:36.000"
"194792368","6","False","2025-01-13 02:00:04.000; 2025-01-13 02:12:54.000; 2025-01-13 02:13:14.000; 2025-01-13 02:15:01.000; 2025-01-13 02:24:52.000; 2025-01-13 02:33:59.000"
"416640660","6","False","2025-01-13 02:07:27.000; 2025-01-13 02:12:56.000; 2025-01-13 02:16:21.000; 2025-01-13 02:16:24.000; 2025-01-13 02:28:40.000; 2025-01-13 02:32:09.000"
"130014999","10","False","2025-01-13 01:56:47.000; 2025-01-13 01:58:44.000; 2025-01-13 02:01:30.000; 2025-01-13 02:05:43.000; 2025-01-13 02:11:18.000; 2025-01-13 02:12:57.000; 2025-01-13 02:14:35.000; 2025-01-13 02:24:00.000; 2025-01-13 02:29:32.000; 2025-01-13 02:58:48.000"
"475121056","4","False","2025-01-13 01:59:15.000; 2025-01-13 02:12:59.000; 2025-01-13 02:19:05.000; 2025-01-13 02:34:18.000"
"493030222","2","False","2025-01-13 01:57:48.000; 2025-01-13 02:13:08.000"
"496650927","2","False","2025-01-13 02:00:57.000; 2025-01-13 02:13:11.000"
"230350086","4","False","2025-01-13 02:08:45.000; 2025-01-13 02:20:46.000; 2025-01-13 02:22:59.000; 2025-01-13 02:43:35.000"
"554202873","2","False","2025-01-13 02:41:24.000; 2025-01-13 02:44:13.000"
"126304434","4","False","2025-01-13 01:55:10.000; 2025-01-13 02:09:06.000; 2025-01-13 02:44:17.000; 2025-01-13 02:50:42.000"
"331769078","2","False","2025-01-13 01:56:45.000; 2025-01-13 02:44:30.000"
"139478367","3","False","2025-01-13 02:05:53.000; 2025-01-13 02:25:37.000; 2025-01-13 02:44:30.000"
"202600428","3","False","2025-01-13 02:05:07.000; 2025-01-13 02:22:06.000; 2025-01-13 02:44:32.000"
"488387857","2","False","2025-01-13 02:37:20.000; 2025-01-13 02:44:36.000"
"378513320","7","False","2025-01-13 02:07:09.000; 2025-01-13 02:20:18.000; 2025-01-13 02:21:22.000; 2025-01-13 02:24:39.000; 2025-01-13 02:29:49.000; 2025-01-13 02:44:40.000; 2025-01-13 02:53:18.000"
"661088490","2","False","2025-01-13 02:07:36.000; 2025-01-13 02:45:06.000"
"104163128","11","False","2025-01-13 01:55:44.000; 2025-01-13 01:59:52.000; 2025-01-13 02:00:21.000; 2025-01-13 02:03:53.000; 2025-01-13 02:04:22.000; 2025-01-13 02:06:13.000; 2025-01-13 02:39:17.000; 2025-01-13 02:41:05.000; 2025-01-13 02:45:11.000; 2025-01-13 02:45:44.000; 2025-01-13 03:01:31.000"
"113275089","2","False","2025-01-13 01:55:07.000; 2025-01-13 02:45:13.000"
"201292310","6","False","2025-01-13 01:56:58.000; 2025-01-13 02:15:25.000; 2025-01-13 02:17:17.000; 2025-01-13 02:19:28.000; 2025-01-13 02:19:53.000; 2025-01-13 02:45:15.000"
"157832796","7","False","2025-01-13 01:59:56.000; 2025-01-13 02:00:14.000; 2025-01-13 02:08:08.000; 2025-01-13 02:17:36.000; 2025-01-13 02:33:22.000; 2025-01-13 02:45:17.000; 2025-01-13 02:47:51.000"
"481819885","5","False","2025-01-13 02:13:12.000; 2025-01-13 02:14:51.000; 2025-01-13 02:40:20.000; 2025-01-13 02:47:04.000; 2025-01-13 02:49:22.000"
"162121775","3","False","2025-01-13 02:13:13.000; 2025-01-13 02:26:48.000; 2025-01-13 02:54:48.000"
"48408494","2","False","2025-01-13 01:55:34.000; 2025-01-13 02:13:18.000"
"24743808","2","False","2025-01-13 02:13:20.000; 2025-01-13 02:41:43.000"
"160894245","2","False","2025-01-13 02:13:22.000; 2025-01-13 02:21:40.000"
"80563430","2","False","2025-01-13 02:13:24.000; 2025-01-13 02:14:04.000"
"204156283","2","False","2025-01-13 02:02:10.000; 2025-01-13 02:13:26.000"
"559088996","2","False","2025-01-13 02:14:48.000; 2025-01-13 02:35:26.000"
"554715462","2","False","2025-01-13 02:14:52.000; 2025-01-13 02:43:48.000"
"111241128","2","False","2025-01-13 02:14:53.000; 2025-01-13 02:47:40.000"
"87293045","7","False","2025-01-13 01:59:44.000; 2025-01-13 02:09:24.000; 2025-01-13 02:14:48.000; 2025-01-13 02:14:59.000; 2025-01-13 02:21:01.000; 2025-01-13 02:26:03.000; 2025-01-13 02:32:15.000"
"555400325","2","False","2025-01-13 02:02:57.000; 2025-01-13 02:15:06.000"
"170440405","3","False","2025-01-13 02:15:06.000; 2025-01-13 02:32:21.000; 2025-01-13 02:32:32.000"
"485344872","5","False","2025-01-13 02:06:15.000; 2025-01-13 02:15:07.000; 2025-01-13 02:16:47.000; 2025-01-13 02:27:00.000; 2025-01-13 02:54:29.000"
"99823795","2","False","2025-01-13 02:15:08.000; 2025-01-13 02:18:24.000"
"412321792","2","False","2025-01-13 02:15:09.000; 2025-01-13 02:28:36.000"
"176856095","13","False","2025-01-13 01:58:09.000; 2025-01-13 02:01:54.000; 2025-01-13 02:01:55.000; 2025-01-13 02:07:37.000; 2025-01-13 02:08:01.000; 2025-01-13 02:08:39.000; 2025-01-13 02:09:33.000; 2025-01-13 02:09:43.000; 2025-01-13 02:15:09.000; 2025-01-13 02:20:29.000; 2025-01-13 02:30:11.000; 2025-01-13 02:45:59.000; 2025-01-13 02:49:04.000"
"219172555","2","False","2025-01-13 02:15:10.000; 2025-01-13 02:55:21.000"
"280097990","4","False","2025-01-13 02:02:22.000; 2025-01-13 02:15:11.000; 2025-01-13 02:16:37.000; 2025-01-13 02:27:31.000"
"595414523","2","False","2025-01-13 02:02:24.000; 2025-01-13 02:15:13.000"
"381604431","4","False","2025-01-13 01:57:57.000; 2025-01-13 02:04:46.000; 2025-01-13 02:28:05.000; 2025-01-13 02:42:43.000"
"436951335","2","False","2025-01-13 02:21:27.000; 2025-01-13 02:42:43.000"
"192992782","2","False","2025-01-13 02:40:03.000; 2025-01-13 02:42:46.000"
"289797859","2","False","2025-01-13 02:16:39.000; 2025-01-13 02:42:51.000"
"59078946","4","False","2025-01-13 02:02:58.000; 2025-01-13 02:39:34.000; 2025-01-13 02:42:55.000; 2025-01-13 02:46:14.000"
"24729125","3","False","2025-01-13 01:56:13.000; 2025-01-13 02:42:58.000; 2025-01-13 02:59:05.000"
"80526805","3","False","2025-01-13 02:00:40.000; 2025-01-13 02:40:48.000; 2025-01-13 02:42:59.000"
"46714863","5","False","2025-01-13 01:59:21.000; 2025-01-13 02:18:47.000; 2025-01-13 02:43:01.000; 2025-01-13 02:45:31.000; 2025-01-13 02:58:41.000"
"119300619","2","False","2025-01-13 02:21:48.000; 2025-01-13 02:43:09.000"
"31856877","2","False","2025-01-13 02:35:23.000; 2025-01-13 02:43:13.000"
"528254274","2","False","2025-01-13 02:17:09.000; 2025-01-13 02:43:17.000"
"116665407","8","False","2025-01-13 02:10:27.000; 2025-01-13 02:16:42.000; 2025-01-13 02:36:11.000; 2025-01-13 02:43:20.000; 2025-01-13 02:45:26.000; 2025-01-13 02:52:56.000; 2025-01-13 02:56:40.000; 2025-01-13 02:58:03.000"
"423069187","2","False","2025-01-13 02:19:28.000; 2025-01-13 02:43:21.000"
"491458280","4","False","2025-01-13 02:11:13.000; 2025-01-13 02:29:41.000; 2025-01-13 02:43:25.000; 2025-01-13 02:45:32.000"
"303112828","2","False","2025-01-13 02:21:36.000; 2025-01-13 02:43:33.000"
"388009725","2","False","2025-01-13 02:04:32.000; 2025-01-13 02:10:23.000"
"309821176","3","False","2025-01-13 02:10:32.000; 2025-01-13 02:21:06.000; 2025-01-13 02:33:05.000"
"221430579","3","False","2025-01-13 02:11:29.000; 2025-01-13 02:23:04.000; 2025-01-13 02:57:49.000"
"10844239","13","False","2025-01-13 02:17:30.000; 2025-01-13 02:19:09.000; 2025-01-13 02:26:24.000; 2025-01-13 02:26:25.000; 2025-01-13 02:26:41.000; 2025-01-13 02:26:51.000; 2025-01-13 02:28:58.000; 2025-01-13 02:35:07.000; 2025-01-13 02:36:10.000; 2025-01-13 02:38:13.000; 2025-01-13 02:40:19.000; 2025-01-13 02:41:22.000; 2025-01-13 02:58:00.000"
"157078457","3","False","2025-01-13 02:03:16.000; 2025-01-13 02:21:52.000; 2025-01-13 02:58:30.000"
"227595936","9","False","2025-01-13 01:54:03.000; 2025-01-13 02:00:42.000; 2025-01-13 02:07:01.000; 2025-01-13 02:12:04.000; 2025-01-13 02:18:40.000; 2025-01-13 02:19:51.000; 2025-01-13 02:29:09.000; 2025-01-13 02:50:39.000; 2025-01-13 02:58:52.000"
"178241975","4","False","2025-01-13 02:21:29.000; 2025-01-13 02:23:39.000; 2025-01-13 02:30:15.000; 2025-01-13 02:58:56.000"
"150637261","4","False","2025-01-13 02:00:41.000; 2025-01-13 02:21:48.000; 2025-01-13 02:32:40.000; 2025-01-13 02:47:37.000"
"667775411","2","False","2025-01-13 02:21:55.000; 2025-01-13 02:26:49.000"
"102411265","2","False","2025-01-13 02:21:56.000; 2025-01-13 02:35:45.000"
"157541365","2","False","2025-01-13 02:15:31.000; 2025-01-13 02:22:09.000"
"552289167","7","False","2025-01-13 01:55:23.000; 2025-01-13 01:57:34.000; 2025-01-13 02:05:54.000; 2025-01-13 02:12:21.000; 2025-01-13 02:17:20.000; 2025-01-13 02:22:11.000; 2025-01-13 02:58:55.000"
"397135878","2","False","2025-01-13 02:22:12.000; 2025-01-13 02:41:35.000"
"381771043","2","False","2025-01-13 02:20:16.000; 2025-01-13 02:22:18.000"
"309350590","2","False","2025-01-13 02:01:40.000; 2025-01-13 02:08:50.000"
"160830266","3","False","2025-01-13 02:08:52.000; 2025-01-13 02:09:05.000; 2025-01-13 02:23:09.000"
"239069600","2","False","2025-01-13 02:08:58.000; 2025-01-13 02:28:50.000"
"115337089","3","False","2025-01-13 02:05:12.000; 2025-01-13 02:08:58.000; 2025-01-13 02:14:44.000"
"423744867","2","False","2025-01-13 02:04:20.000; 2025-01-13 02:09:00.000"
"261384905","3","False","2025-01-13 01:58:00.000; 2025-01-13 02:02:53.000; 2025-01-13 02:09:01.000"
"154361388","3","False","2025-01-13 01:54:25.000; 2025-01-13 01:57:31.000; 2025-01-13 02:09:10.000"
"552105336","3","False","2025-01-13 02:09:17.000; 2025-01-13 02:15:59.000; 2025-01-13 02:45:42.000"
"319227148","2","False","2025-01-13 02:09:18.000; 2025-01-13 02:22:56.000"
"229276388","2","False","2025-01-13 02:09:45.000; 2025-01-13 02:40:02.000"
"237620710","11","False","2025-01-13 01:57:53.000; 2025-01-13 02:00:30.000; 2025-01-13 02:02:20.000; 2025-01-13 02:06:30.000; 2025-01-13 02:08:04.000; 2025-01-13 02:09:47.000; 2025-01-13 02:16:14.000; 2025-01-13 02:42:33.000; 2025-01-13 02:47:42.000; 2025-01-13 02:49:49.000; 2025-01-13 02:52:39.000"
"466908044","5","False","2025-01-13 02:03:21.000; 2025-01-13 02:09:58.000; 2025-01-13 02:10:05.000; 2025-01-13 02:18:43.000; 2025-01-13 02:58:46.000"
"323043033","4","False","2025-01-13 02:10:07.000; 2025-01-13 02:18:13.000; 2025-01-13 02:19:25.000; 2025-01-13 02:50:03.000"
"926300","2","False","2025-01-13 02:10:07.000; 2025-01-13 02:33:35.000"
"173095913","6","False","2025-01-13 02:10:08.000; 2025-01-13 02:16:02.000; 2025-01-13 02:18:56.000; 2025-01-13 02:31:15.000; 2025-01-13 02:34:22.000; 2025-01-13 02:41:29.000"
"657701336","6","False","2025-01-13 01:55:59.000; 2025-01-13 02:04:00.000; 2025-01-13 02:10:12.000; 2025-01-13 02:22:46.000; 2025-01-13 02:36:04.000; 2025-01-13 02:47:28.000"
"667144011","2","False","2025-01-13 01:57:14.000; 2025-01-13 02:10:12.000"
"85969786","3","False","2025-01-13 02:51:58.000; 2025-01-13 02:52:37.000; 2025-01-13 02:55:12.000"
"307294560","2","False","2025-01-13 02:51:20.000; 2025-01-13 02:55:15.000"
"475671481","2","False","2025-01-13 02:55:30.000; 2025-01-13 02:57:23.000"
"443634362","2","False","2025-01-13 02:23:33.000; 2025-01-13 02:56:10.000"
"424262730","5","False","2025-01-13 02:08:50.000; 2025-01-13 02:12:25.000; 2025-01-13 02:24:26.000; 2025-01-13 02:32:34.000; 2025-01-13 02:56:44.000"
"13675693","2","False","2025-01-13 02:12:13.000; 2025-01-13 02:57:23.000"
"491964279","4","False","2025-01-13 02:02:34.000; 2025-01-13 02:41:39.000; 2025-01-13 02:57:40.000; 2025-01-13 02:57:41.000"
"537965072","2","False","2025-01-13 02:07:01.000; 2025-01-13 02:41:38.000"
"483153249","2","False","2025-01-13 02:07:02.000; 2025-01-13 02:07:41.000"
"263344289","2","False","2025-01-13 01:54:41.000; 2025-01-13 02:07:03.000"
"594224321","2","False","2025-01-13 02:07:04.000; 2025-01-13 02:50:36.000"
"231952365","4","False","2025-01-13 02:07:09.000; 2025-01-13 02:38:32.000; 2025-01-13 02:38:51.000; 2025-01-13 02:39:55.000"
"133520764","4","False","2025-01-13 01:55:26.000; 2025-01-13 02:07:16.000; 2025-01-13 02:43:58.000; 2025-01-13 02:56:57.000"
"371131601","2","False","2025-01-13 02:07:22.000; 2025-01-13 02:31:04.000"
"139897629","2","False","2025-01-13 02:08:03.000; 2025-01-13 02:20:44.000"
"76169718","3","False","2025-01-13 02:08:13.000; 2025-01-13 02:16:36.000; 2025-01-13 02:19:33.000"
"151161136","5","False","2025-01-13 02:08:16.000; 2025-01-13 02:21:36.000; 2025-01-13 02:30:29.000; 2025-01-13 02:40:54.000; 2025-01-13 02:41:53.000"
"567717951","5","False","2025-01-13 01:59:30.000; 2025-01-13 02:08:18.000; 2025-01-13 02:13:51.000; 2025-01-13 02:37:11.000; 2025-01-13 02:44:45.000"
"171631709","2","False","2025-01-13 02:16:44.000; 2025-01-13 02:32:33.000"
"495867378","2","False","2025-01-13 02:16:45.000; 2025-01-13 02:21:16.000"
"494673379","4","False","2025-01-13 01:55:51.000; 2025-01-13 02:16:27.000; 2025-01-13 02:16:45.000; 2025-01-13 02:58:15.000"
"13707751","2","False","2025-01-13 02:16:51.000; 2025-01-13 02:20:01.000"
"327796301","3","False","2025-01-13 02:16:57.000; 2025-01-13 02:47:32.000; 2025-01-13 02:50:38.000"
"657495061","2","False","2025-01-13 02:01:40.000; 2025-01-13 02:17:06.000"
"13091719","2","False","2025-01-13 02:17:42.000; 2025-01-13 02:38:19.000"
"654871080","2","False","2025-01-13 02:00:37.000; 2025-01-13 02:17:48.000"
"175710937","4","False","2025-01-13 01:58:53.000; 2025-01-13 02:17:53.000; 2025-01-13 02:35:09.000; 2025-01-13 02:45:30.000"
"92121131","3","False","2025-01-13 02:13:54.000; 2025-01-13 02:17:53.000; 2025-01-13 02:39:01.000"
"492905243","2","False","2025-01-13 02:17:57.000; 2025-01-13 02:23:53.000"
"549335134","3","False","2025-01-13 02:28:09.000; 2025-01-13 02:32:21.000; 2025-01-13 02:40:50.000"
"218983650","2","False","2025-01-13 02:32:27.000; 2025-01-13 02:40:09.000"
"88653610","11","False","2025-01-13 01:56:18.000; 2025-01-13 01:58:23.000; 2025-01-13 01:59:25.000; 2025-01-13 02:09:21.000; 2025-01-13 02:13:36.000; 2025-01-13 02:29:06.000; 2025-01-13 02:29:07.000; 2025-01-13 02:32:43.000; 2025-01-13 02:36:44.000; 2025-01-13 02:46:31.000; 2025-01-13 02:49:33.000"
"143336765","3","False","2025-01-13 02:24:00.000; 2025-01-13 02:32:44.000; 2025-01-13 02:38:50.000"
"533844755","3","False","2025-01-13 01:57:34.000; 2025-01-13 02:32:44.000; 2025-01-13 02:38:29.000"
"511327694","2","False","2025-01-13 02:26:49.000; 2025-01-13 02:32:46.000"
"89390768","2","False","2025-01-13 02:05:49.000; 2025-01-13 02:32:47.000"
"196148459","2","False","2025-01-13 02:11:11.000; 2025-01-13 02:32:48.000"
"245099122","2","False","2025-01-13 02:13:49.000; 2025-01-13 02:33:45.000"
"378326074","6","False","2025-01-13 02:04:42.000; 2025-01-13 02:08:39.000; 2025-01-13 02:14:08.000; 2025-01-13 02:29:54.000; 2025-01-13 02:33:54.000; 2025-01-13 02:41:36.000"
"52525604","2","False","2025-01-13 02:21:08.000; 2025-01-13 02:33:54.000"
"427257613","2","False","2025-01-13 02:19:41.000; 2025-01-13 02:33:54.000"
"477089238","3","False","2025-01-13 02:20:16.000; 2025-01-13 02:30:31.000; 2025-01-13 02:33:57.000"
"151714702","2","False","2025-01-13 02:23:48.000; 2025-01-13 02:51:48.000"
"165032197","2","False","2025-01-13 02:30:17.000; 2025-01-13 02:51:50.000"
"314486988","2","False","2025-01-13 02:01:56.000; 2025-01-13 02:36:43.000"
"29542904","2","False","2025-01-13 02:03:36.000; 2025-01-13 02:36:47.000"
"37612950","2","False","2025-01-13 02:36:53.000; 2025-01-13 02:50:25.000"
"106958083","2","False","2025-01-13 02:34:56.000; 2025-01-13 02:36:56.000"
"384143262","2","False","2025-01-13 02:36:25.000; 2025-01-13 02:36:56.000"
"105561896","2","False","2025-01-13 01:58:54.000; 2025-01-13 02:36:56.000"
"554649176","2","False","2025-01-13 02:36:57.000; 2025-01-13 02:40:19.000"
"101612155","2","False","2025-01-13 02:03:52.000; 2025-01-13 02:36:59.000"
"230398122","2","False","2025-01-13 02:19:24.000; 2025-01-13 02:50:25.000"
"228403370","2","False","2025-01-13 02:19:26.000; 2025-01-13 02:23:40.000"
"163555140","5","False","2025-01-13 01:58:09.000; 2025-01-13 02:00:15.000; 2025-01-13 02:02:30.000; 2025-01-13 02:19:26.000; 2025-01-13 02:40:43.000"
"363548107","7","False","2025-01-13 01:55:50.000; 2025-01-13 01:56:20.000; 2025-01-13 01:57:40.000; 2025-01-13 02:19:28.000; 2025-01-13 02:21:05.000; 2025-01-13 02:25:51.000; 2025-01-13 02:37:48.000"
"323705482","2","False","2025-01-13 02:04:00.000; 2025-01-13 02:20:53.000"
"384880221","2","False","2025-01-13 02:21:00.000; 2025-01-13 02:33:42.000"
"115375904","2","False","2025-01-13 02:21:03.000; 2025-01-13 02:28:42.000"
"371424235","2","False","2025-01-13 02:21:05.000; 2025-01-13 02:42:30.000"
"316784417","2","False","2025-01-13 02:21:06.000; 2025-01-13 02:39:44.000"
"529722001","2","False","2025-01-13 02:21:08.000; 2025-01-13 02:25:58.000"
"137095078","7","False","2025-01-13 01:57:23.000; 2025-01-13 02:21:14.000; 2025-01-13 02:27:32.000; 2025-01-13 02:34:12.000; 2025-01-13 02:34:53.000; 2025-01-13 02:44:40.000; 2025-01-13 02:50:11.000"
"168122034","4","False","2025-01-13 02:21:14.000; 2025-01-13 02:23:47.000; 2025-01-13 02:33:01.000; 2025-01-13 02:41:24.000"
"109364961","3","False","2025-01-13 01:59:47.000; 2025-01-13 02:18:03.000; 2025-01-13 02:26:09.000"
"106005867","2","False","2025-01-13 02:18:03.000; 2025-01-13 02:33:05.000"
"154077834","5","False","2025-01-13 01:56:33.000; 2025-01-13 02:05:43.000; 2025-01-13 02:13:50.000; 2025-01-13 02:18:06.000; 2025-01-13 02:26:28.000"
"367477498","5","False","2025-01-13 02:18:07.000; 2025-01-13 02:27:53.000; 2025-01-13 02:32:59.000; 2025-01-13 02:38:00.000; 2025-01-13 02:45:48.000"
"538576718","2","False","2025-01-13 02:13:56.000; 2025-01-13 02:18:08.000"
"99479169","3","False","2025-01-13 02:02:34.000; 2025-01-13 02:18:17.000; 2025-01-13 02:38:44.000"
"73068144","10","False","2025-01-13 02:06:39.000; 2025-01-13 02:14:43.000; 2025-01-13 02:18:20.000; 2025-01-13 02:28:16.000; 2025-01-13 02:35:09.000; 2025-01-13 02:38:12.000; 2025-01-13 02:45:52.000; 2025-01-13 02:49:04.000; 2025-01-13 02:50:23.000; 2025-01-13 02:50:37.000"
"171165107","2","False","2025-01-13 02:18:22.000; 2025-01-13 02:52:05.000"
"558894521","14","False","2025-01-13 01:57:30.000; 2025-01-13 02:00:27.000; 2025-01-13 02:00:46.000; 2025-01-13 02:13:38.000; 2025-01-13 02:16:18.000; 2025-01-13 02:18:30.000; 2025-01-13 02:18:57.000; 2025-01-13 02:20:31.000; 2025-01-13 02:23:14.000; 2025-01-13 02:35:52.000; 2025-01-13 02:36:34.000; 2025-01-13 02:40:22.000; 2025-01-13 02:41:10.000; 2025-01-13 02:50:44.000"
"178410302","3","False","2025-01-13 02:19:17.000; 2025-01-13 02:37:22.000; 2025-01-13 02:39:39.000"
"513264769","2","False","2025-01-13 02:21:47.000; 2025-01-13 02:34:03.000"
"110012306","8","False","2025-01-13 02:00:34.000; 2025-01-13 02:15:38.000; 2025-01-13 02:27:14.000; 2025-01-13 02:29:45.000; 2025-01-13 02:34:03.000; 2025-01-13 02:40:03.000; 2025-01-13 02:40:11.000; 2025-01-13 02:41:17.000"
"211198643","3","False","2025-01-13 02:00:32.000; 2025-01-13 02:06:16.000; 2025-01-13 02:34:06.000"
"35023031","2","False","2025-01-13 02:03:13.000; 2025-01-13 02:34:41.000"
"441209799","3","False","2025-01-13 01:57:57.000; 2025-01-13 02:34:49.000; 2025-01-13 02:47:49.000"
"549766988","3","False","2025-01-13 02:24:39.000; 2025-01-13 02:34:56.000; 2025-01-13 02:36:11.000"
"225143660","4","False","2025-01-13 02:00:28.000; 2025-01-13 02:19:39.000; 2025-01-13 02:35:05.000; 2025-01-13 02:43:55.000"
"151279792","2","False","2025-01-13 02:05:56.000; 2025-01-13 02:14:18.000"
"439614208","2","False","2025-01-13 02:14:23.000; 2025-01-13 02:58:21.000"
"123884090","2","False","2025-01-13 02:14:30.000; 2025-01-13 02:30:55.000"
"147436857","3","False","2025-01-13 01:57:15.000; 2025-01-13 02:14:33.000; 2025-01-13 02:35:29.000"
"488514783","3","False","2025-01-13 02:14:36.000; 2025-01-13 02:22:56.000; 2025-01-13 02:33:25.000"
"456504598","2","False","2025-01-13 02:14:37.000; 2025-01-13 02:17:31.000"
"488113762","3","False","2025-01-13 01:56:24.000; 2025-01-13 02:14:39.000; 2025-01-13 02:20:14.000"
"417447381","4","False","2025-01-13 01:57:57.000; 2025-01-13 02:14:44.000; 2025-01-13 02:20:08.000; 2025-01-13 02:38:27.000"
"490112565","2","False","2025-01-13 02:15:14.000; 2025-01-13 02:37:49.000"
"234329543","2","False","2025-01-13 02:15:19.000; 2025-01-13 02:38:07.000"
"532178967","3","False","2025-01-13 01:55:06.000; 2025-01-13 02:15:30.000; 2025-01-13 02:25:39.000"
"301703223","2","False","2025-01-13 02:02:27.000; 2025-01-13 02:15:37.000"
"381366415","2","False","2025-01-13 02:15:38.000; 2025-01-13 02:16:01.000"
"515187929","2","False","2025-01-13 02:27:07.000; 2025-01-13 02:45:37.000"
"378896003","2","False","2025-01-13 02:15:43.000; 2025-01-13 02:45:55.000"
"107697812","2","False","2025-01-13 02:00:48.000; 2025-01-13 02:45:58.000"
"194347953","2","False","2025-01-13 02:47:00.000; 2025-01-13 02:47:51.000"
"186109158","3","False","2025-01-13 01:55:14.000; 2025-01-13 02:17:32.000; 2025-01-13 02:47:05.000"
"381365841","6","False","2025-01-13 02:04:28.000; 2025-01-13 02:11:16.000; 2025-01-13 02:15:42.000; 2025-01-13 02:25:55.000; 2025-01-13 02:32:09.000; 2025-01-13 02:38:13.000"
"102769914","2","False","2025-01-13 02:15:46.000; 2025-01-13 02:50:18.000"
"50676918","4","False","2025-01-13 01:56:27.000; 2025-01-13 02:03:26.000; 2025-01-13 02:15:47.000; 2025-01-13 02:28:44.000"
"233485538","2","False","2025-01-13 02:15:53.000; 2025-01-13 02:31:00.000"
"13438026","3","False","2025-01-13 02:08:24.000; 2025-01-13 02:15:54.000; 2025-01-13 02:16:00.000"
"346582211","3","False","2025-01-13 02:02:12.000; 2025-01-13 02:15:54.000; 2025-01-13 02:30:05.000"
"156871714","2","False","2025-01-13 02:15:54.000; 2025-01-13 02:31:12.000"
"229738159","2","False","2025-01-13 01:57:31.000; 2025-01-13 02:41:57.000"
"234165177","5","False","2025-01-13 02:08:25.000; 2025-01-13 02:33:36.000; 2025-01-13 02:37:37.000; 2025-01-13 02:41:58.000; 2025-01-13 02:50:38.000"
"16105306","2","False","2025-01-13 02:01:17.000; 2025-01-13 02:42:03.000"
"661009718","3","False","2025-01-13 02:21:42.000; 2025-01-13 02:42:16.000; 2025-01-13 02:43:44.000"
"278901567","2","False","2025-01-13 02:02:24.000; 2025-01-13 02:42:24.000"
"236312282","3","False","2025-01-13 02:40:10.000; 2025-01-13 02:42:31.000; 2025-01-13 02:54:58.000"
"246761770","2","False","2025-01-13 02:30:37.000; 2025-01-13 02:42:34.000"
"128770488","2","False","2025-01-13 02:36:28.000; 2025-01-13 02:42:35.000"
"38708367","2","False","2025-01-13 02:26:53.000; 2025-01-13 02:42:37.000"
"436682532","2","False","2025-01-13 01:59:44.000; 2025-01-13 02:42:46.000"
"236336116","3","False","2025-01-13 01:59:15.000; 2025-01-13 02:43:53.000; 2025-01-13 02:58:27.000"
"323789095","2","False","2025-01-13 01:59:55.000; 2025-01-13 02:44:08.000"
"55102257","2","False","2025-01-13 02:16:01.000; 2025-01-13 02:25:37.000"
"562693686","2","False","2025-01-13 01:59:26.000; 2025-01-13 02:16:01.000"
"291609302","3","False","2025-01-13 02:05:29.000; 2025-01-13 02:16:02.000; 2025-01-13 02:41:13.000"
"204047075","3","False","2025-01-13 01:54:31.000; 2025-01-13 02:05:19.000; 2025-01-13 02:16:09.000"
"161496256","2","False","2025-01-13 02:16:17.000; 2025-01-13 02:49:18.000"
"231649747","2","False","2025-01-13 02:16:18.000; 2025-01-13 02:41:45.000"
"280075695","2","False","2025-01-13 02:01:55.000; 2025-01-13 02:27:30.000"
"442491043","2","False","2025-01-13 02:02:04.000; 2025-01-13 02:30:16.000"
"510357759","4","False","2025-01-13 02:02:05.000; 2025-01-13 02:02:20.000; 2025-01-13 02:13:42.000; 2025-01-13 02:26:34.000"
"178291235","2","False","2025-01-13 01:55:40.000; 2025-01-13 02:02:12.000"
"502527203","3","False","2025-01-13 02:02:13.000; 2025-01-13 02:28:15.000; 2025-01-13 02:29:46.000"
"130826485","2","False","2025-01-13 02:03:38.000; 2025-01-13 02:13:42.000"
"456167521","2","False","2025-01-13 02:16:34.000; 2025-01-13 02:52:32.000"
"123340570","2","False","2025-01-13 02:16:36.000; 2025-01-13 02:20:37.000"
"399995881","2","False","2025-01-13 02:16:37.000; 2025-01-13 02:50:24.000"
"400289246","2","False","2025-01-13 02:03:10.000; 2025-01-13 02:17:09.000"
"148251126","2","False","2025-01-13 01:55:35.000; 2025-01-13 02:17:13.000"
"2677455","3","False","2025-01-13 02:17:16.000; 2025-01-13 02:19:43.000; 2025-01-13 02:37:57.000"
"242553173","2","False","2025-01-13 02:17:24.000; 2025-01-13 02:24:28.000"
"273331651","2","False","2025-01-13 02:01:25.000; 2025-01-13 02:44:49.000"
"389987204","2","False","2025-01-13 02:07:35.000; 2025-01-13 02:44:50.000"
"202862054","2","False","2025-01-13 01:57:34.000; 2025-01-13 02:29:06.000"
"497239104","3","False","2025-01-13 01:58:36.000; 2025-01-13 02:29:08.000; 2025-01-13 02:50:52.000"
"106009433","2","False","2025-01-13 01:59:41.000; 2025-01-13 02:29:14.000"
"477129691","2","False","2025-01-13 02:29:16.000; 2025-01-13 02:46:06.000"
"517416800","2","False","2025-01-13 02:29:17.000; 2025-01-13 02:29:49.000"
"232233138","2","False","2025-01-13 02:29:21.000; 2025-01-13 02:40:53.000"
"142978320","4","False","2025-01-13 01:57:11.000; 2025-01-13 02:00:16.000; 2025-01-13 02:12:01.000; 2025-01-13 02:29:28.000"
"174889749","2","False","2025-01-13 02:29:33.000; 2025-01-13 02:49:05.000"
"374349951","3","False","2025-01-13 01:55:52.000; 2025-01-13 02:29:33.000; 2025-01-13 02:30:37.000"
"299141784","2","False","2025-01-13 02:02:55.000; 2025-01-13 02:18:42.000"
"240175683","2","False","2025-01-13 01:57:43.000; 2025-01-13 02:18:55.000"
"560473060","2","False","2025-01-13 01:56:57.000; 2025-01-13 02:19:25.000"
"657351611","4","False","2025-01-13 01:59:20.000; 2025-01-13 02:19:25.000; 2025-01-13 02:30:28.000; 2025-01-13 02:41:40.000"
"332009380","2","False","2025-01-13 01:55:09.000; 2025-01-13 02:19:38.000"
"441988449","2","False","2025-01-13 02:01:47.000; 2025-01-13 02:19:41.000"
"553502936","2","False","2025-01-13 02:19:41.000; 2025-01-13 02:23:35.000"
"547717764","2","False","2025-01-13 02:19:42.000; 2025-01-13 02:34:37.000"
"543175517","6","False","2025-01-13 01:54:29.000; 2025-01-13 02:03:07.000; 2025-01-13 02:19:45.000; 2025-01-13 02:23:44.000; 2025-01-13 02:35:56.000; 2025-01-13 02:36:10.000"
"427854454","2","False","2025-01-13 01:57:06.000; 2025-01-13 02:20:28.000"
"443077455","3","False","2025-01-13 01:57:07.000; 2025-01-13 02:20:35.000; 2025-01-13 02:47:36.000"
"258729677","2","False","2025-01-13 02:20:42.000; 2025-01-13 02:37:22.000"
"426126179","2","False","2025-01-13 02:03:32.000; 2025-01-13 02:30:39.000"
"2143734","3","False","2025-01-13 02:31:22.000; 2025-01-13 02:53:28.000; 2025-01-13 02:55:48.000"
"306251639","2","False","2025-01-13 02:48:03.000; 2025-01-13 02:57:51.000"
"445858382","2","False","2025-01-13 02:23:33.000; 2025-01-13 02:58:09.000"
"461891399","2","False","2025-01-13 02:50:12.000; 2025-01-13 02:59:07.000"
"312800700","2","False","2025-01-13 01:57:29.000; 2025-01-13 02:52:58.000"
"158715358","4","False","2025-01-13 01:57:36.000; 2025-01-13 02:54:43.000; 2025-01-13 02:55:31.000; 2025-01-13 02:57:35.000"
"665547200","3","False","2025-01-13 02:09:35.000; 2025-01-13 02:30:26.000; 2025-01-13 02:55:57.000"
"331691478","4","False","2025-01-13 02:02:26.000; 2025-01-13 02:37:43.000; 2025-01-13 02:41:21.000; 2025-01-13 02:57:32.000"
"227594061","3","False","2025-01-13 01:56:17.000; 2025-01-13 02:26:34.000; 2025-01-13 02:41:42.000"
"424751659","2","False","2025-01-13 01:56:19.000; 2025-01-13 02:41:16.000"
"133449117","2","False","2025-01-13 01:56:30.000; 2025-01-13 02:08:33.000"
"14958831","2","False","2025-01-13 01:56:33.000; 2025-01-13 02:03:18.000"
"316540946","3","False","2025-01-13 01:56:42.000; 2025-01-13 02:33:42.000; 2025-01-13 02:35:55.000"
"311476223","2","False","2025-01-13 01:56:43.000; 2025-01-13 02:34:20.000"
"259280631","2","False","2025-01-13 01:56:50.000; 2025-01-13 02:26:56.000"
"482395736","2","False","2025-01-13 01:57:06.000; 2025-01-13 02:24:19.000"
"328037091","2","False","2025-01-13 01:57:39.000; 2025-01-13 02:32:14.000"
"564369168","2","False","2025-01-13 01:57:45.000; 2025-01-13 02:33:30.000"
"579053443","2","False","2025-01-13 01:57:47.000; 2025-01-13 02:22:55.000"
"168120538","2","False","2025-01-13 01:58:11.000; 2025-01-13 02:40:22.000"
"201183053","3","False","2025-01-13 01:58:16.000; 2025-01-13 02:07:30.000; 2025-01-13 02:49:53.000"
"505113543","2","False","2025-01-13 01:58:25.000; 2025-01-13 02:05:37.000"
"10550294","3","False","2025-01-13 01:55:40.000; 2025-01-13 02:23:52.000; 2025-01-13 02:35:39.000"
"337453477","2","False","2025-01-13 02:23:53.000; 2025-01-13 02:50:22.000"
"370216636","3","False","2025-01-13 02:03:04.000; 2025-01-13 02:24:01.000; 2025-01-13 02:46:43.000"
"227340794","2","False","2025-01-13 02:36:39.000; 2025-01-13 02:38:38.000"
"340165323","2","False","2025-01-13 02:35:26.000; 2025-01-13 02:38:45.000"
"133991722","2","False","2025-01-13 02:38:55.000; 2025-01-13 02:50:05.000"
"165255751","2","False","2025-01-13 02:01:12.000; 2025-01-13 02:38:56.000"
"498050823","2","False","2025-01-13 02:04:50.000; 2025-01-13 02:38:58.000"
"552886795","2","False","2025-01-13 02:39:55.000; 2025-01-13 02:58:11.000"
"227735361","3","False","2025-01-13 01:59:17.000; 2025-01-13 02:01:00.000; 2025-01-13 02:41:18.000"
"397869265","3","False","2025-01-13 02:35:37.000; 2025-01-13 02:40:10.000; 2025-01-13 02:41:45.000"
"156159180","5","False","2025-01-13 02:09:34.000; 2025-01-13 02:12:31.000; 2025-01-13 02:26:03.000; 2025-01-13 02:41:49.000; 2025-01-13 02:58:17.000"
"558714655","2","False","2025-01-13 02:36:18.000; 2025-01-13 02:40:13.000"
"158051176","2","False","2025-01-13 02:09:19.000; 2025-01-13 02:40:21.000"
"566410696","2","False","2025-01-13 02:12:13.000; 2025-01-13 02:40:32.000"
"9506232","2","False","2025-01-13 02:49:03.000; 2025-01-13 02:50:49.000"
"114511450","2","False","2025-01-13 02:36:12.000; 2025-01-13 02:49:05.000"
"491058195","2","False","2025-01-13 02:28:32.000; 2025-01-13 02:58:24.000"
"491824858","2","False","2025-01-13 02:37:34.000; 2025-01-13 02:58:52.000"
"192636688","2","False","2025-01-13 02:20:21.000; 2025-01-13 02:58:59.000"
"276008409","2","False","2025-01-13 02:35:27.000; 2025-01-13 02:47:33.000"
"115334486","3","False","2025-01-13 01:58:35.000; 2025-01-13 02:41:09.000; 2025-01-13 02:47:34.000"
"554717777","2","False","2025-01-13 02:27:05.000; 2025-01-13 02:47:36.000"
"658741691","2","False","2025-01-13 02:06:59.000; 2025-01-13 02:49:00.000"
"476847056","2","False","2025-01-13 02:23:19.000; 2025-01-13 02:51:56.000"
"101640501","3","False","2025-01-13 02:21:23.000; 2025-01-13 02:28:31.000; 2025-01-13 02:39:23.000"
"540217131","2","False","2025-01-13 02:14:03.000; 2025-01-13 02:21:29.000"
"664328008","2","False","2025-01-13 02:02:40.000; 2025-01-13 02:21:36.000"
"119518729","2","False","2025-01-13 01:54:22.000; 2025-01-13 02:21:39.000"
"324595100","4","False","2025-01-13 02:21:49.000; 2025-01-13 02:22:56.000; 2025-01-13 02:31:06.000; 2025-01-13 02:41:10.000"
"553527281","2","False","2025-01-13 02:21:51.000; 2025-01-13 02:46:15.000"
"212961822","2","False","2025-01-13 02:13:52.000; 2025-01-13 02:50:10.000"
"8347337","3","False","2025-01-13 02:09:42.000; 2025-01-13 02:38:15.000; 2025-01-13 02:50:16.000"
"84162292","3","False","2025-01-13 02:03:34.000; 2025-01-13 02:21:19.000; 2025-01-13 02:50:17.000"
"419526733","2","False","2025-01-13 02:24:16.000; 2025-01-13 02:50:17.000"
"1271087","3","False","2025-01-13 01:56:04.000; 2025-01-13 02:06:37.000; 2025-01-13 02:50:27.000"
"435937608","2","False","2025-01-13 02:27:32.000; 2025-01-13 02:50:47.000"
"109848803","2","False","2025-01-13 01:54:29.000; 2025-01-13 01:59:42.000"
"230786695","2","False","2025-01-13 01:54:33.000; 2025-01-13 01:58:50.000"
"315968304","2","False","2025-01-13 01:54:35.000; 2025-01-13 01:59:44.000"
"650602517","2","False","2025-01-13 01:54:42.000; 2025-01-13 02:26:20.000"
"239715232","3","False","2025-01-13 01:54:53.000; 2025-01-13 02:04:12.000; 2025-01-13 02:34:14.000"
"542591363","3","False","2025-01-13 01:55:00.000; 2025-01-13 02:22:46.000; 2025-01-13 02:38:05.000"
"655094890","2","False","2025-01-13 01:55:08.000; 2025-01-13 01:58:38.000"
"420142305","2","False","2025-01-13 02:12:23.000; 2025-01-13 02:40:42.000"
"488106109","2","False","2025-01-13 02:07:33.000; 2025-01-13 02:40:57.000"
"559816575","2","False","2025-01-13 02:22:48.000; 2025-01-13 02:41:11.000"
"465532494","2","False","2025-01-13 01:55:12.000; 2025-01-13 02:07:43.000"
"73707795","4","False","2025-01-13 01:55:22.000; 2025-01-13 01:59:38.000; 2025-01-13 02:00:49.000; 2025-01-13 02:25:01.000"
"498703342","2","False","2025-01-13 01:55:24.000; 2025-01-13 02:24:46.000"
"91999091","2","False","2025-01-13 01:55:32.000; 2025-01-13 02:35:59.000"
"107450594","2","False","2025-01-13 01:55:33.000; 2025-01-13 02:46:28.000"
"379944942","2","False","2025-01-13 01:55:36.000; 2025-01-13 02:52:05.000"
"498410904","2","False","2025-01-13 01:55:38.000; 2025-01-13 02:33:03.000"
"78247164","2","False","2025-01-13 01:56:02.000; 2025-01-13 02:23:11.000"
"271799023","2","False","2025-01-13 01:58:59.000; 2025-01-13 01:59:59.000"
"300576771","2","False","2025-01-13 02:00:00.000; 2025-01-13 02:22:59.000"
"426472149","2","False","2025-01-13 02:00:21.000; 2025-01-13 02:39:47.000"
"492426050","2","False","2025-01-13 02:00:42.000; 2025-01-13 02:06:08.000"
"143699250","2","False","2025-01-13 02:00:43.000; 2025-01-13 02:34:14.000"
"161033971","2","False","2025-01-13 02:00:53.000; 2025-01-13 02:09:19.000"
"103471234","2","False","2025-01-13 02:46:27.000; 2025-01-13 02:55:24.000"
"117691672","2","False","2025-01-13 01:59:19.000; 2025-01-13 02:57:18.000"
"245194685","2","False","2025-01-13 02:27:52.000; 2025-01-13 02:49:49.000"
"439660269","2","False","2025-01-13 02:00:56.000; 2025-01-13 02:27:09.000"
"201531634","2","False","2025-01-13 02:00:56.000; 2025-01-13 02:32:11.000"
"161956442","2","False","2025-01-13 02:01:20.000; 2025-01-13 02:08:23.000"
"489316663","2","False","2025-01-13 02:02:42.000; 2025-01-13 02:38:23.000"
"49344444","2","False","2025-01-13 02:04:25.000; 2025-01-13 02:25:42.000"
"142692280","3","False","2025-01-13 02:07:21.000; 2025-01-13 02:11:21.000; 2025-01-13 02:12:11.000"
"284333482","2","False","2025-01-13 02:07:47.000; 2025-01-13 02:11:28.000"
"244081776","4","False","2025-01-13 02:07:47.000; 2025-01-13 02:26:39.000; 2025-01-13 02:39:28.000; 2025-01-13 02:46:22.000"
"240428142","2","False","2025-01-13 02:09:16.000; 2025-01-13 02:36:35.000"
"15890874","2","False","2025-01-13 01:56:04.000; 2025-01-13 02:35:34.000"
"224061270","3","False","2025-01-13 01:56:10.000; 2025-01-13 02:12:08.000; 2025-01-13 02:46:46.000"
"170835881","2","False","2025-01-13 01:59:10.000; 2025-01-13 02:37:38.000"
"286900037","2","False","2025-01-13 01:59:13.000; 2025-01-13 02:23:08.000"
"529268905","2","False","2025-01-13 01:59:15.000; 2025-01-13 02:27:54.000"
"532489847","2","False","2025-01-13 01:59:22.000; 2025-01-13 02:05:35.000"
"434570639","2","False","2025-01-13 01:59:32.000; 2025-01-13 02:34:13.000"
"120964560","2","False","2025-01-13 02:08:39.000; 2025-01-13 02:27:07.000"
"162574240","2","False","2025-01-13 02:27:25.000; 2025-01-13 02:34:40.000"
"163719561","2","False","2025-01-13 02:05:46.000; 2025-01-13 02:28:04.000"
"250182151","3","False","2025-01-13 02:25:00.000; 2025-01-13 02:28:11.000; 2025-01-13 02:37:49.000"
"429305362","2","False","2025-01-13 02:22:50.000; 2025-01-13 02:28:35.000"
"203549288","2","False","2025-01-13 02:05:19.000; 2025-01-13 02:33:32.000"
"231172295","2","False","2025-01-13 02:05:23.000; 2025-01-13 02:33:46.000"
"50656328","2","False","2025-01-13 02:35:28.000; 2025-01-13 02:36:11.000"
"187547742","2","False","2025-01-13 02:08:21.000; 2025-01-13 02:35:38.000"
"552322476","2","False","2025-01-13 01:58:41.000; 2025-01-13 02:46:11.000"
"55767125","3","False","2025-01-13 02:08:42.000; 2025-01-13 02:38:17.000; 2025-01-13 02:46:28.000"
"328958164","2","False","2025-01-13 02:24:55.000; 2025-01-13 02:47:01.000"
"307620413","2","False","2025-01-13 02:04:43.000; 2025-01-13 02:37:03.000"
"228740317","2","False","2025-01-13 02:20:07.000; 2025-01-13 02:37:07.000"
"520572832","2","False","2025-01-13 02:03:29.000; 2025-01-13 02:38:07.000"
"252615315","2","False","2025-01-13 02:03:29.000; 2025-01-13 02:51:24.000"
"147971386","2","False","2025-01-13 02:11:15.000; 2025-01-13 02:51:32.000"
"15497138","2","False","2025-01-13 01:59:43.000; 2025-01-13 02:32:13.000"
"24314149","2","False","2025-01-13 02:03:12.000; 2025-01-13 02:33:28.000"
"157039479","2","False","2025-01-13 02:37:55.000; 2025-01-13 02:39:18.000"
"170710320","2","False","2025-01-13 02:04:43.000; 2025-01-13 02:12:18.000"
"302692995","2","False","2025-01-13 02:12:25.000; 2025-01-13 02:51:15.000"
"47311819","2","False","2025-01-13 02:01:37.000; 2025-01-13 02:04:32.000"
"156654379","2","False","2025-01-13 02:01:42.000; 2025-01-13 02:37:53.000"
"5351312","3","False","2025-01-13 02:05:13.000; 2025-01-13 02:14:11.000; 2025-01-13 02:52:07.000"
"23425701","2","False","2025-01-13 02:05:46.000; 2025-01-13 02:30:10.000"
"357806736","3","False","2025-01-13 02:06:26.000; 2025-01-13 02:08:45.000; 2025-01-13 02:22:48.000"
"497357882","2","False","2025-01-13 02:05:36.000; 2025-01-13 02:22:49.000"
"442511487","2","False","2025-01-13 02:22:57.000; 2025-01-13 02:35:57.000"
"162686113","2","False","2025-01-13 02:23:08.000; 2025-01-13 02:32:55.000"
"66106937","2","False","2025-01-13 02:23:10.000; 2025-01-13 02:37:42.000"
"162389169","2","False","2025-01-13 02:06:32.000; 2025-01-13 02:34:29.000"
"284732986","2","False","2025-01-13 02:05:44.000; 2025-01-13 02:39:38.000"
"548226371","2","False","2025-01-13 02:02:59.000; 2025-01-13 02:06:01.000"
"652806624","2","False","2025-01-13 02:04:58.000; 2025-01-13 02:06:55.000"
"307308667","2","False","2025-01-13 01:58:55.000; 2025-01-13 02:53:38.000"
"502728316","2","False","2025-01-13 01:58:38.000; 2025-01-13 02:35:54.000"
"234767530","2","False","2025-01-13 02:20:05.000; 2025-01-13 02:53:17.000"
"548247228","2","False","2025-01-13 02:04:28.000; 2025-01-13 02:53:26.000"
"203400373","2","False","2025-01-13 02:26:57.000; 2025-01-13 02:38:01.000"
"231644904","2","False","2025-01-13 02:26:48.000; 2025-01-13 02:39:43.000"
"528200178","2","False","2025-01-13 02:04:19.000; 2025-01-13 02:26:29.000"
